timestamp,snow,rain,maxwspd,precip,debris
datetime,int,int,float,float,int
T,,,,,
2011-01-03,0,0,23,0.00,3
2011-01-04,0,0,26,0.00,10
2011-01-05,1,0,21,0.00,11
2011-01-06,1,0,32,0.00,9
2011-01-07,1,0,29,0.00,20
2011-01-08,1,0,29,0.00,11
2011-01-09,0,0,11,0.00,2
2011-01-10,0,0,23,0.00,3
2011-01-11,1,0,29,2.29,9
2011-01-12,1,0,32,0.00,8
2011-01-13,1,0,19,0.00,18
2011-01-14,1,0,16,0.00,11
2011-01-15,1,0,29,0.00,9
2011-01-16,1,0,14,0.00,1
2011-01-17,1,1,26,2.79,1
2011-01-18,1,1,34,0.76,2
2011-01-19,1,0,23,0.00,7
2011-01-20,1,0,35,0.00,9
2011-01-21,0,0,27,0.00,3
2011-01-22,1,0,23,0.00,4
2011-01-23,1,0,23,0.00,2
2011-01-24,1,0,21,0.00,2
2011-01-25,0,0,13,0.00,3
2011-01-26,1,0,16,0.00,12
2011-01-27,1,0,23,0.51,12
2011-01-28,1,0,24,0.00,4
2011-01-29,1,0,26,0.00,3
2011-01-30,1,0,26,0.00,2
2011-01-31,1,0,32,0.51,1
2011-02-01,1,0,66,5.08,9
2011-02-02,1,0,52,2.29,4
2011-02-03,0,0,32,0.00,1
2011-02-04,0,0,26,0.00,1
2011-02-05,0,0,19,0.00,1
2011-02-06,1,0,14,2.54,1
2011-02-07,1,0,21,0.76,1
2011-02-08,1,0,32,0.00,1
2011-02-09,0,0,24,0.00,5
2011-02-10,0,0,26,0.00,1
2011-02-11,1,0,26,0.00,1
2011-02-12,0,0,24,0.00,1
2011-02-13,0,0,45,0.00,1
2011-02-14,0,0,39,0.00,1
2011-02-15,0,1,29,0.76,1
2011-02-16,0,0,21,0.00,7
2011-02-17,0,0,32,0.00,9
2011-02-18,0,0,37,0.00,11
2011-02-19,0,0,19,0.00,19
2011-02-20,0,1,27,22.86,3
2011-02-21,1,1,29,0.76,2
2011-02-22,1,0,21,0.00,14
2011-02-23,0,1,23,0.51,4
2011-02-24,1,0,39,0.00,11
2011-02-25,1,0,34,0.00,12
2011-02-26,1,0,16,1.27,8
2011-02-27,0,1,32,6.35,5
2011-02-28,1,1,29,1.02,3
2011-03-01,0,0,27,0.00,8
2011-03-02,0,0,24,0.00,14
2011-03-03,0,0,32,0.00,10
2011-03-04,0,1,27,15.49,20
2011-03-05,1,1,40,0.25,10
2011-03-06,0,0,27,0.00,4
2011-03-07,0,0,19,0.00,1
2011-03-08,0,1,27,0.25,6
2011-03-09,1,1,24,9.65,13
2011-03-10,1,0,27,0.25,21
2011-03-11,0,0,23,0.00,12
2011-03-12,0,0,37,0.00,21
2011-03-13,0,0,16,0.00,4
2011-03-14,0,0,21,0.00,5
2011-03-15,0,1,19,0.00,24
2011-03-16,0,0,23,0.00,19
2011-03-17,0,0,34,0.00,27
2011-03-18,0,0,16,0.00,21
2011-03-19,0,0,19,0.00,26
2011-03-20,0,1,27,7.37,13
2011-03-21,0,0,27,0.00,5
2011-03-22,0,1,37,4.83,47
2011-03-23,1,1,35,3.30,47
2011-03-24,1,0,32,0.00,36
2011-03-25,1,0,24,0.00,27
2011-03-26,1,0,29,0.00,19
2011-03-27,0,0,27,0.00,6
2011-03-28,0,0,23,0.00,9
2011-03-29,0,0,19,0.00,49
2011-03-30,0,0,19,0.00,32
2011-03-31,0,0,19,0.00,40
2011-04-01,1,1,23,3.81,32
2011-04-02,0,0,32,0.00,27
2011-04-03,0,1,37,0.51,14
2011-04-04,0,1,48,3.56,10
2011-04-05,0,0,34,0.00,38
2011-04-06,0,0,23,0.00,53
2011-04-07,0,1,26,8.64,48
2011-04-08,0,1,27,12.95,46
2011-04-09,0,0,21,0.00,25
2011-04-10,0,0,39,0.00,19
2011-04-11,0,1,34,2.03,16
2011-04-12,0,0,26,0.00,72
2011-04-13,0,0,19,0.00,51
2011-04-14,0,0,39,0.00,60
2011-04-15,0,1,45,4.32,47
2011-04-16,1,1,40,3.30,48
2011-04-17,0,1,37,0.00,15
2011-04-18,1,1,37,10.67,13
2011-04-19,0,1,39,18.54,46
2011-04-20,0,0,27,0.25,39
2011-04-21,0,1,27,0.00,46
2011-04-22,0,1,35,17.53,53
2011-04-23,0,0,39,0.00,10
2011-04-24,0,1,16,0.00,15
2011-04-25,0,1,29,6.60,5
2011-04-26,0,1,40,15.24,62
2011-04-27,0,1,27,6.60,50
2011-04-28,0,1,40,1.02,44
2011-04-29,0,0,24,0.00,44
2011-04-30,0,0,47,0.00,53
2011-05-01,0,0,39,0.00,19
2011-05-02,0,0,24,0.00,11
2011-05-03,0,0,23,0.00,73
2011-05-04,0,0,27,0.00,56
2011-05-05,0,1,29,2.54,50
2011-05-06,0,0,32,0.00,54
2011-05-07,0,0,27,0.00,88
2011-05-08,0,0,23,0.00,22
2011-05-09,0,0,35,0.00,11
2011-05-10,0,0,24,0.00,79
2011-05-11,0,1,52,7.11,108
2011-05-12,0,0,21,0.51,66
2011-05-13,0,0,37,0.25,90
2011-05-14,0,1,37,9.40,53
2011-05-15,0,1,42,7.62,26
2011-05-16,0,0,37,0.00,9
2011-05-17,0,0,35,0.00,73
2011-05-18,0,1,21,0.76,84
2011-05-19,0,0,16,0.00,57
2011-05-20,0,0,21,0.00,54
2011-05-21,0,0,26,0.00,58
2011-05-22,0,1,40,3.05,29
2011-05-23,0,1,39,0.00,16
2011-05-24,0,0,29,0.00,94
2011-05-25,0,1,37,39.88,75
2011-05-26,0,1,42,18.03,66
2011-05-27,0,1,23,0.25,67
2011-05-28,0,1,23,5.84,50
2011-05-29,0,1,27,21.34,14
2011-05-30,0,0,29,0.00,4
2011-05-31,0,1,34,0.00,26
2011-06-01,0,0,37,0.00,104
2011-06-02,0,1,29,0.00,94
2011-06-03,0,1,29,4.57,72
2011-06-04,0,1,50,12.70,66
2011-06-05,0,0,16,0.25,31
2011-06-06,0,0,27,0.00,22
2011-06-07,0,0,29,0.00,80
2011-06-08,0,1,48,6.35,69
2011-06-09,0,1,34,66.29,78
2011-06-10,0,1,23,11.18,97
2011-06-11,0,1,19,2.54,84
2011-06-12,0,0,27,0.00,35
2011-06-13,0,0,23,0.00,27
2011-06-14,0,0,24,0.00,123
2011-06-15,0,1,32,21.34,153
2011-06-16,0,1,29,0.76,104
2011-06-17,0,0,23,0.00,95
2011-06-18,0,0,23,0.00,71
2011-06-19,0,0,13,0.00,86
2011-06-20,0,1,27,31.24,22
2011-06-21,0,1,45,2.03,105
2011-06-22,0,0,34,0.51,115
2011-06-23,0,1,32,1.27,434
2011-06-24,0,0,21,0.00,228
2011-06-25,0,1,16,0.00,258
2011-06-26,0,0,24,0.00,76
2011-06-27,0,1,29,3.56,38
2011-06-28,0,0,23,0.00,173
2011-06-29,0,0,19,0.00,236
2011-06-30,0,1,55,0.25,189
2011-07-01,0,1,34,0.76,180
2011-07-02,0,0,19,0.00,185
2011-07-03,0,0,21,0.00,64
2011-07-04,0,0,23,0.00,23
2011-07-05,0,0,16,0.00,29
2011-07-06,0,0,27,0.00,191
2011-07-07,0,1,19,1.52,152
2011-07-08,0,0,21,0.00,156
2011-07-09,0,0,16,0.00,134
2011-07-10,0,0,19,0.00,71
2011-07-11,0,1,82,1.52,31
2011-07-12,0,1,21,0.00,487
2011-07-13,0,0,27,0.00,491
2011-07-14,0,0,23,0.00,449
2011-07-15,0,0,21,0.00,435
2011-07-16,0,0,13,0.00,223
2011-07-17,0,0,23,0.00,74
2011-07-18,0,0,29,0.00,48
2011-07-19,0,0,19,0.00,232
2011-07-20,0,0,34,0.00,215
2011-07-21,0,0,24,0.00,179
2011-07-22,0,1,52,2.54,130
2011-07-23,0,1,40,0.25,114
2011-07-24,0,1,32,0.00,50
2011-07-25,0,0,24,0.00,37
2011-07-26,0,0,24,0.00,190
2011-07-27,0,1,26,0.00,173
2011-07-28,0,1,39,0.00,220
2011-07-29,0,1,27,9.14,225
2011-07-30,0,0,13,0.00,159
2011-07-31,0,0,16,0.00,67
2011-08-01,0,0,16,0.00,32
2011-08-02,0,1,37,7.11,220
2011-08-03,0,0,27,0.00,145
2011-08-04,0,0,21,0.00,220
2011-08-05,0,0,19,0.00,184
2011-08-06,0,1,21,17.53,156
2011-08-07,0,1,29,12.45,79
2011-08-08,0,1,26,7.37,31
2011-08-09,0,0,34,0.00,174
2011-08-10,0,0,21,0.00,158
2011-08-11,0,0,16,0.00,153
2011-08-12,0,0,24,0.00,155
2011-08-13,0,1,40,16.00,148
2011-08-14,0,1,35,0.25,38
2011-08-15,0,0,19,0.00,23
2011-08-16,0,0,14,0.00,266
2011-08-17,0,0,19,0.00,153
2011-08-18,0,0,19,0.00,134
2011-08-19,0,0,21,0.00,145
2011-08-20,0,1,29,6.86,122
2011-08-21,0,1,23,0.25,15
2011-08-22,0,0,13,0.00,23
2011-08-23,0,1,27,10.16,165
2011-08-24,0,0,32,0.00,129
2011-08-25,0,0,21,0.00,120
2011-08-26,0,0,19,0.00,101
2011-08-27,0,0,27,0.00,161
2011-08-28,0,0,26,0.00,44
2011-08-29,0,0,16,0.00,29
2011-08-30,0,1,21,0.25,145
2011-08-31,0,1,23,0.25,134
2011-09-01,0,0,19,0.00,83
2011-09-02,0,0,23,0.00,74
2011-09-03,0,1,21,3.56,75
2011-09-04,0,1,26,0.00,26
2011-09-05,0,1,39,0.00,15
2011-09-06,0,0,32,0.00,26
2011-09-07,0,0,35,0.00,134
2011-09-08,0,1,40,1.52,119
2011-09-09,0,1,21,2.79,94
2011-09-10,0,0,11,0.25,70
2011-09-11,0,0,21,0.00,20
2011-09-12,0,0,27,0.00,19
2011-09-13,0,0,21,0.00,106
2011-09-14,0,1,23,0.00,84
2011-09-15,0,0,23,0.00,78
2011-09-16,0,0,16,0.00,55
2011-09-17,0,0,29,0.00,44
2011-09-18,0,1,24,7.62,22
2011-09-19,0,1,16,11.43,20
2011-09-20,0,0,16,0.00,90
2011-09-21,0,0,29,0.00,92
2011-09-22,0,0,21,0.00,86
2011-09-23,0,1,16,0.25,66
2011-09-24,0,1,19,1.78,48
2011-09-25,0,1,21,5.08,15
2011-09-26,0,1,27,19.30,10
2011-09-27,0,1,27,7.11,96
2011-09-28,0,1,19,3.81,63
2011-09-29,0,1,39,2.29,57
2011-09-30,0,1,40,3.56,42
2011-10-01,0,0,26,0.25,60
2011-10-02,0,0,13,0.00,17
2011-10-03,0,0,21,0.00,13
2011-10-04,0,0,11,0.00,78
2011-10-05,0,0,11,0.00,59
2011-10-06,0,0,16,0.00,79
2011-10-07,0,0,23,0.00,88
2011-10-08,0,0,24,0.00,78
2011-10-09,0,0,19,0.00,23
2011-10-10,0,0,21,0.00,18
2011-10-11,0,0,16,0.00,41
2011-10-12,0,0,16,0.00,102
2011-10-13,0,1,23,12.45,89
2011-10-14,0,0,39,0.00,66
2011-10-15,0,0,40,0.00,52
2011-10-16,0,1,26,3.05,22
2011-10-17,0,0,29,0.00,4
2011-10-18,0,1,27,0.51,62
2011-10-19,0,1,48,19.30,63
2011-10-20,0,1,40,3.56,39
2011-10-21,0,0,14,0.00,101
2011-10-22,0,0,16,0.00,89
2011-10-23,0,1,47,1.02,26
2011-10-24,0,1,26,6.10,19
2011-10-25,0,1,29,3.30,78
2011-10-26,0,0,29,0.00,96
2011-10-27,0,1,21,3.56,50
2011-10-28,0,0,21,0.00,45
2011-10-29,0,0,26,0.00,30
2011-10-30,0,1,40,2.79,20
2011-10-31,0,0,26,0.00,9
2011-11-01,0,0,23,0.00,46
2011-11-02,0,1,34,0.00,48
2011-11-03,0,1,50,8.38,53
2011-11-04,0,0,21,0.00,40
2011-11-05,0,0,23,0.00,50
2011-11-06,0,0,37,0.00,8
2011-11-07,0,1,21,5.33,15
2011-11-08,0,1,27,29.72,44
2011-11-09,0,1,47,7.37,28
2011-11-10,1,1,34,0.51,43
2011-11-11,0,0,23,0.00,70
2011-11-12,0,0,34,0.00,23
2011-11-13,0,0,37,0.00,18
2011-11-14,0,1,14,0.25,15
2011-11-15,0,0,26,0.00,61
2011-11-16,0,0,29,0.00,41
2011-11-17,0,0,34,0.00,32
2011-11-18,0,0,37,0.00,36
2011-11-19,0,1,37,0.00,31
2011-11-20,0,0,29,0.00,5
2011-11-21,0,0,23,0.00,10
2011-11-22,0,1,29,6.10,44
2011-11-23,0,0,14,0.00,29
2011-11-24,0,0,27,0.00,21
2011-11-25,0,0,29,0.00,2
2011-11-26,0,1,26,20.32,22
2011-11-27,0,1,29,2.29,6
2011-11-28,1,0,32,0.00,5
2011-11-29,0,0,55,0.00,19
2011-11-30,0,0,26,0.00,29
2011-12-01,0,0,19,0.00,42
2011-12-02,1,1,23,0.00,35
2011-12-03,0,1,35,4.83,31
2011-12-04,0,1,35,1.27,9
2011-12-05,1,1,29,0.25,6
2011-12-06,1,0,27,0.00,38
2011-12-07,0,0,29,0.00,40
2011-12-08,1,0,16,0.00,32
2011-12-09,1,0,26,0.00,35
2011-12-10,0,0,23,0.00,11
2011-12-11,0,0,24,0.00,3
2011-12-12,0,0,16,0.00,2
2011-12-13,0,1,11,1.27,27
2011-12-14,0,1,32,25.65,35
2011-12-15,0,0,40,0.51,17
2011-12-16,0,0,21,0.00,41
2011-12-17,1,0,19,0.51,24
2011-12-18,0,0,24,0.00,3
2011-12-19,0,0,29,0.00,3
2011-12-20,0,1,21,0.00,21
2011-12-21,0,1,24,0.00,15
2011-12-22,0,1,27,1.02,28
2011-12-23,1,0,26,0.00,11
2011-12-24,0,0,23,0.00,18
2011-12-25,0,0,35,0.00,2
2011-12-26,0,1,24,0.76,1
2011-12-27,0,1,37,2.54,2
2011-12-28,0,0,19,0.00,21
2011-12-29,0,1,29,0.00,17
2011-12-30,0,1,27,9.14,14
2011-12-31,0,0,26,0.00,11
2012-01-01,1,1,42,0.25,2
2012-01-02,1,0,40,0.00,2
2012-01-03,0,0,29,0.00,17
2012-01-04,0,0,26,0.00,33
2012-01-05,0,0,23,0.00,54
2012-01-06,0,0,29,0.00,26
2012-01-07,0,0,24,0.00,5
2012-01-08,0,0,11,0.00,5
2012-01-09,0,0,35,0.00,27
2012-01-10,0,0,21,0.00,36
2012-01-11,0,0,19,0.00,46
2012-01-12,1,0,29,1.27,12
2012-01-13,1,0,34,0.0,6
2012-01-14,1,0,23,0.0,1
2012-01-15,1,0,32,0.0,2
2012-01-16,0,1,29,1.02,1
2012-01-17,1,1,40,1.78,4
2012-01-18,0,0,32,0.00,9
2012-01-19,1,0,35,0.0,5
2012-01-20,1,0,24,8.64,10
2012-01-21,1,0,34,0.0,1
2012-01-22,0,1,34,11.18,1
2012-01-23,1,1,50,6.35,7
2012-01-24,0,0,34,0.00,11
2012-01-25,0,0,16,0.00,14
2012-01-26,0,0,27,0.0,17
2012-01-27,1,0,27,0.51,20
2012-01-28,1,0,48,0.76,1
2012-01-29,1,0,40,0.0,1
2012-01-30,0,0,34,0.00,52
2012-01-31,0,0,34,0.00,17
2012-02-01,0,0,19,0.00,23
2012-02-02,0,0,16,0.00,20
2012-02-03,0,0,27,0.0,18
2012-02-04,1,1,27,0.76,5
2012-02-05,0,0,24,0.00,2
2012-02-06,0,0,29,0.00,17
2012-02-07,1,0,39,0.0,13
2012-02-08,0,0,24,0.00,11
2012-02-09,0,0,27,0.00,20
2012-02-10,1,0,47,0.51,20
2012-02-11,0,0,47,0.00,2
2012-02-12,0,0,29,0.00,2
2012-02-13,1,0,32,0.25,40
2012-02-14,1,0,24,0.0,5
2012-02-15,0,1,27,3.30,10
2012-02-16,0,1,34,2.03,8
2012-02-17,0,0,35,0.00,6
2012-02-18,0,0,32,0.00,7
2012-02-19,0,0,24,0.00,4
2012-02-20,0,0,32,0.00,13
2012-02-21,1,1,42,1.78,41
2012-02-22,1,1,21,0.0,18
2012-02-23,1,1,35,2.79,11
2012-02-24,1,1,42,6.10,11
2012-02-25,0,0,34,0.00,4
2012-02-26,0,0,47,0.00,6
2012-02-27,0,0,39,0.00,22
2012-02-28,0,1,26,2.03,10
2012-02-29,0,1,60,4.83,35
2012-03-01,0,0,34,0.0,20
2012-03-02,1,1,48,4.83,12
2012-03-03,1,0,45,0.0,1
2012-03-04,1,0,24,0.0,4
2012-03-05,0,0,26,0.0,12
2012-03-06,0,0,52,0.00,43
2012-03-07,0,1,52,0.0,34
2012-03-08,0,1,42,5.33,45
2012-03-09,0,0,19,0.00,18
2012-03-10,0,0,39,0.00,8
2012-03-11,0,1,35,0.0,8
2012-03-12,0,1,45,7.11,33
2012-03-13,0,0,19,0.00,20
2012-03-14,0,0,35,0.00,57
2012-03-15,0,0,27,0.0,41
2012-03-16,0,0,26,0.00,39
2012-03-17,0,0,29,0.00,16
2012-03-18,0,0,26,0.00,9
2012-03-19,0,1,32,0.0,70
2012-03-20,0,0,45,0.00,60
2012-03-21,0,0,32,0.00,50
2012-03-22,0,1,37,1.02,51
2012-03-23,0,1,27,22.61,36
2012-03-24,0,0,26,0.25,13
2012-03-25,0,0,34,0.00,8
2012-03-26,0,0,40,0.00,72
2012-03-27,0,0,42,0.00,59
2012-03-28,0,0,47,0.00,65
2012-03-29,0,0,14,0.00,53
2012-03-30,0,1,32,6.35,48
2012-03-31,0,0,26,0.00,10
2012-04-01,0,1,29,5.08,8
2012-04-02,0,0,34,0.00,49
2012-04-03,0,0,37,0.00,88
2012-04-04,0,0,40,0.00,63
2012-04-05,0,0,40,0.00,58
2012-04-06,0,0,34,0.00,49
2012-04-07,0,1,40,0.0,17
2012-04-08,0,0,39,0.00,10
2012-04-09,0,1,52,0.0,80
2012-04-10,0,0,37,0.00,55
2012-04-11,0,0,24,0.00,61
2012-04-12,0,0,26,0.00,61
2012-04-13,0,0,35,0.0,65
2012-04-14,0,1,26,22.10,15
2012-04-15,0,1,42,20.83,9
2012-04-16,0,1,58,0.51,86
2012-04-17,0,0,23,0.00,80
2012-04-18,0,1,37,1.02,72
2012-04-19,0,0,29,0.0,58
2012-04-20,0,1,48,0.51,46
2012-04-21,0,0,26,0.00,18
2012-04-22,0,0,48,0.00,12
2012-04-23,0,0,32,0.00,53
2012-04-24,0,0,24,0.00,66
2012-04-25,0,1,32,1.27,35
2012-04-26,0,0,42,0.00,55
2012-04-27,0,1,35,0.0,39
2012-04-28,0,1,40,5.08,13
2012-04-29,0,1,27,2.79,19
2012-04-30,0,1,23,9.91,67
2012-05-01,0,1,26,8.13,44
2012-05-02,0,1,52,0.0,45
2012-05-03,0,1,47,1.78,41
2012-05-04,0,1,32,6.86,38
2012-05-05,0,0,24,0.00,23
2012-05-06,0,1,34,10.16,14
2012-05-07,0,1,34,1.02,53
2012-05-08,0,0,34,0.00,49
2012-05-09,0,1,24,0.0,58
2012-05-10,0,0,24,0.00,48
2012-05-11,0,0,32,0.00,39
2012-05-12,0,1,34,6.35,10
2012-05-13,0,0,40,0.00,17
2012-05-14,0,0,23,0.00,105
2012-05-15,0,1,40,0.0,63
2012-05-16,0,0,42,0.00,49
2012-05-17,0,0,24,0.00,49
2012-05-18,0,0,24,0.00,40
2012-05-19,0,0,27,0.00,22
2012-05-20,0,1,37,3.56,21
2012-05-21,0,0,42,0.00,81
2012-05-22,0,0,24,0.00,84
2012-05-23,0,0,27,0.00,99
2012-05-24,0,0,47,0.00,87
2012-05-25,0,0,29,0.00,91
2012-05-26,0,0,37,0.00,24
2012-05-27,0,0,32,0.00,12
2012-05-28,0,0,45,0.51,27
2012-05-29,0,1,48,0.0,119
2012-05-30,0,0,29,0.00,90
2012-05-31,0,1,39,24.64,50
2012-06-01,0,1,35,0.76,53
2012-06-02,0,0,37,0.00,27
2012-06-03,0,0,32,0.0,20
2012-06-04,0,0,26,0.00,110
2012-06-05,0,0,32,0.00,77
2012-06-06,0,0,24,0.00,76
2012-06-07,0,0,24,0.00,70
2012-06-08,0,0,24,0.00,72
2012-06-09,0,0,29,0.00,26
2012-06-10,0,0,39,0.00,19
2012-06-11,0,0,32,0.00,91
2012-06-12,0,0,27,0.00,87
2012-06-13,0,0,26,0.00,90
2012-06-14,0,0,26,0.00,91
2012-06-15,0,0,27,0.00,74
2012-06-16,0,1,42,4.06,31
2012-06-17,0,1,24,3.81,16
2012-06-18,0,0,53,0.00,133
2012-06-19,0,0,37,0.00,138
2012-06-20,0,0,39,0.00,99
2012-06-21,0,1,34,0.76,146
2012-06-22,0,0,23,0.00,85
2012-06-23,0,0,24,0.00,32
2012-06-24,0,0,32,0.00,40
2012-06-25,0,0,37,0.00,144
2012-06-26,0,0,24,0.00,127
2012-06-27,0,0,37,0.00,95
2012-06-28,0,1,42,4.06,65
2012-06-29,0,1,45,7.11,65
2012-06-30,0,1,23,0.0,19
2012-07-01,0,1,63,14.22,81
2012-07-02,0,0,26,0.00,272
2012-07-03,0,0,29,0.00,190
2012-07-04,0,0,34,0.00,27
2012-07-05,0,1,37,0.0,164
2012-07-06,0,0,24,0.00,203
2012-07-07,0,0,32,0.00,32
2012-07-08,0,0,35,0.00,37
2012-07-09,0,0,32,0.00,170
2012-07-10,0,0,27,0.00,149
2012-07-11,0,0,26,0.00,147
2012-07-12,0,0,29,0.00,142
2012-07-13,0,1,40,0.0,116
2012-07-14,0,1,29,0.0,50
2012-07-15,0,0,24,0.00,24
2012-07-16,0,0,32,0.00,145
2012-07-17,0,0,34,0.00,118
2012-07-18,0,1,63,13.97,154
2012-07-19,0,1,63,31.50,124
2012-07-20,0,1,32,0.0,132
2012-07-21,0,0,19,0.00,46
2012-07-22,0,0,23,0.25,35
2012-07-23,0,0,32,0.25,156
2012-07-24,0,1,79,9.40,868
2012-07-25,0,0,40,0.00,556
2012-07-26,0,1,35,1.78,413
2012-07-27,0,0,35,0.25,258
2012-07-28,0,0,26,0.00,154
2012-07-29,0,0,26,0.00,57
2012-07-30,0,0,24,0.00,365
2012-07-31,0,1,47,4.32,288
2012-08-01,0,0,19,0.00,296
2012-08-02,0,0,26,0.00,239
2012-08-03,0,0,24,0.00,181
2012-08-04,0,1,69,25.91,85
2012-08-05,0,0,29,0.00,139
2012-08-06,0,0,23,0.00,334
2012-08-07,0,0,29,0.00,337
2012-08-08,0,1,24,0.25,238
2012-08-09,0,1,37,0.0,296
2012-08-10,0,1,45,10.16,197
2012-08-11,0,0,27,0.00,85
2012-08-12,0,0,19,0.00,59
2012-08-13,0,1,24,8.64,200
2012-08-14,0,0,23,0.0,232
2012-08-15,0,0,26,0.0,182
2012-08-16,0,1,35,7.87,179
2012-08-17,0,0,21,0.00,185
2012-08-18,0,0,24,0.00,59
2012-08-19,0,0,24,0.00,40
2012-08-20,0,1,24,13.46,180
2012-08-21,0,0,19,0.00,192
2012-08-22,0,0,21,0.00,158
2012-08-23,0,0,23,0.00,205
2012-08-24,0,0,26,0.00,107
2012-08-25,0,0,27,0.00,36
2012-08-26,0,1,40,92.96,27
2012-08-27,0,0,24,0.00,204
2012-08-28,0,0,26,0.00,154
2012-08-29,0,0,19,0.00,146
2012-08-30,0,0,27,0.00,132
2012-08-31,0,0,32,0.00,119
2012-09-01,0,1,29,6.35,27
2012-09-02,0,0,29,0.00,26
2012-09-03,0,0,21,0.00,31
2012-09-04,0,1,63,8.38,149
2012-09-05,0,1,35,4.57,196
2012-09-06,0,0,21,0.00,147
2012-09-07,0,1,47,5.08,97
2012-09-08,0,1,32,5.84,53
2012-09-09,0,0,29,0.00,26
2012-09-10,0,0,21,0.00,216
2012-09-11,0,0,37,0.00,175
2012-09-12,0,0,29,0.00,145
2012-09-13,0,1,32,3.30,140
2012-09-14,0,0,24,0.0,104
2012-09-15,0,0,19,0.00,38
2012-09-16,0,0,24,0.00,19
2012-09-17,0,1,45,4.32,137
2012-09-18,0,0,39,0.00,125
2012-09-19,0,0,42,0.00,106
2012-09-20,0,0,34,0.00,123
2012-09-21,0,1,26,3.30,70
2012-09-22,0,1,42,0.25,19
2012-09-23,0,0,24,0.00,16
2012-09-24,0,0,37,0.00,126
2012-09-25,0,0,24,0.00,108
2012-09-26,0,0,27,0.00,111
2012-09-27,0,0,27,0.00,88
2012-09-28,0,0,29,0.00,101
2012-09-29,0,0,27,0.00,21
2012-09-30,0,0,29,0.00,26
2012-10-01,0,0,21,0.00,122
2012-10-02,0,0,34,0.00,99
2012-10-03,0,1,21,0.76,73
2012-10-04,0,1,42,2.54,86
2012-10-05,0,1,29,0.0,73
2012-10-06,0,0,35,0.00,16
2012-10-07,0,0,26,0.00,18
2012-10-08,0,0,35,0.00,45
2012-10-09,0,1,45,4.57,136
2012-10-10,0,0,42,0.00,94
2012-10-11,0,1,40,0.0,57
2012-10-12,0,0,29,0.0,55
2012-10-13,0,1,29,12.19,11
2012-10-14,0,1,50,13.72,16
2012-10-15,0,0,26,0.00,79
2012-10-16,0,0,39,0.00,95
2012-10-17,0,1,50,10.92,63
2012-10-18,0,1,37,3.30,90
2012-10-19,0,1,35,3.81,39
2012-10-20,0,0,24,0.00,23
2012-10-21,0,0,23,0.00,17
2012-10-22,0,1,29,7.11,56
2012-10-23,0,1,23,0.76,44
2012-10-24,0,0,32,0.00,56
2012-10-25,0,1,45,11.43,56
2012-10-26,0,0,34,0.00,47
2012-10-27,0,0,26,0.00,17
2012-10-28,0,1,40,0.0,19
2012-10-29,0,0,47,0.00,45
2012-10-30,0,0,50,0.00,63
2012-10-31,0,0,37,0.00,55
2012-11-01,0,0,24,0.00,37
2012-11-02,0,0,26,0.00,34
2012-11-03,0,0,24,0.00,16
2012-11-04,0,0,21,0.00,7
2012-11-05,0,0,23,0.00,27
2012-11-06,0,1,21,2.79,27
2012-11-07,0,1,13,0.25,27
2012-11-08,0,0,23,0.00,32
2012-11-09,0,0,19,0.00,35
2012-11-10,0,1,42,9.14,15
2012-11-11,0,1,56,7.37,17
2012-11-12,1,1,40,0.76,27
2012-11-13,0,0,27,0.00,38
2012-11-14,0,0,23,0.00,32
2012-11-15,0,0,13,0.00,34
2012-11-16,0,0,13,0.00,33
2012-11-17,0,0,19,0.00,15
2012-11-18,0,0,19,0.00,12
2012-11-19,0,1,21,1.02,59
2012-11-20,0,0,16,0.0,49
2012-11-21,0,0,23,0.00,16
2012-11-22,0,1,45,4.32,3
2012-11-23,0,0,48,0.00,24
2012-11-24,0,0,29,0.00,14
2012-11-25,0,0,24,0.00,5
2012-11-26,0,0,23,0.00,34
2012-11-27,0,0,19,0.00,46
2012-11-28,0,0,23,0.00,28
2012-11-29,0,0,24,0.00,25
2012-11-30,0,0,21,0.00,16
2012-12-01,0,0,35,0.00,3
2012-12-02,0,1,29,0.25,8
2012-12-03,0,1,45,0.0,32
2012-12-04,0,0,29,0.0,53
2012-12-05,0,0,24,0.00,46
2012-12-06,0,0,24,0.0,21
2012-12-07,0,1,21,2.03,17
2012-12-08,0,1,27,2.29,3
2012-12-09,0,1,29,4.06,7
2012-12-10,1,0,34,0.0,24
2012-12-11,1,0,34,0.0,21
2012-12-12,0,0,29,0.00,29
2012-12-13,0,0,40,0.00,28
2012-12-14,0,0,16,0.00,20
2012-12-15,0,1,32,5.33,3
2012-12-16,0,0,27,0.0,4
2012-12-17,0,0,19,0.00,22
2012-12-18,0,1,32,0.0,20
2012-12-19,0,1,32,1.02,25
2012-12-20,1,1,53,28.45,20
2012-12-21,1,0,48,0.0,16
2012-12-22,0,0,19,0.00,3
2012-12-23,0,0,24,0.00,6
2012-12-24,1,0,27,0.0,5
2012-12-25,1,0,35,0.0,1
2012-12-26,1,0,47,0.0,8
2012-12-27,1,0,26,0.0,7
2012-12-28,1,0,19,0.0,10
2012-12-29,1,0,32,0.0,2
2012-12-30,0,0,29,0.00,1
2012-12-31,0,0,34,0.00,5
2013-01-01,0,0,23,0.00,4
2013-01-02,0,0,24,0.00,13
2013-01-03,1,0,26,0.0,14
2013-01-04,0,0,39,0.00,1
2013-01-05,1,0,32,0.25,4
2013-01-06,0,0,34,0.00,21
2013-01-07,0,0,39,0.00,19
2013-01-08,0,0,23,0.00,26
2013-01-09,0,0,52,0.00,33
2013-01-10,0,1,27,13.21,13
2013-01-11,0,1,29,3.05,3
2013-01-12,0,1,34,2.03,1
2013-01-13,1,1,26,0.76,18
2013-01-14,0,0,24,0.00,24
2013-01-15,0,0,11,0.00,19
2013-01-16,0,0,42,0.0,23
2013-01-17,0,0,32,0.00,16
2013-01-18,0,0,48,0.00,10
2013-01-19,0,0,60,0.00,2
2013-01-20,0,0,52,0.00,5
2013-01-21,1,0,37,0.0,30
2013-01-22,1,0,29,0.0,35
2013-01-23,1,0,40,0.0,21
2013-01-24,1,0,34,0.0,8
2013-01-25,1,0,35,1.27,1
2013-01-26,1,0,27,0.0,3
2013-01-27,1,1,48,6.86,22
2013-01-28,0,1,26,3.56,35
2013-01-29,0,1,37,25.15,18
2013-01-30,1,1,42,6.60,24
2013-01-31,1,0,40,0.0,43
2013-02-01,1,0,32,0.0,33
2013-02-02,1,0,32,1.27,1
2013-02-03,1,0,34,0.0,6
2013-02-04,1,0,29,1.52,12
2013-02-05,1,0,29,0.0,10
2013-02-06,0,0,24,0.00,7
2013-02-07,1,1,29,14.48,7
2013-02-08,1,0,37,0.0,3
2013-02-09,0,0,27,0.00,2
2013-02-10,0,1,42,5.59,22
2013-02-11,0,0,61,0.00,32
2013-02-12,0,0,34,0.00,26
2013-02-13,0,0,27,0.00,17
2013-02-14,0,0,39,0.00,55
2013-02-15,1,0,29,0.0,2
2013-02-16,0,0,32,0.00,1
2013-02-17,0,0,23,0.00,19
2013-02-18,1,1,48,6.10,19
2013-02-19,1,0,47,0.0,28
2013-02-20,1,0,24,0.0,17
2013-02-21,1,0,42,1.27,8
2013-02-22,1,0,35,1.52,1
2013-02-23,1,0,29,0.0,1
2013-02-24,0,0,19,0.00,2
2013-02-25,0,0,27,0.00,9
2013-02-26,1,1,45,9.91,5
2013-02-27,1,0,26,1.27,8
2013-02-28,1,0,37,0.25,7
2013-03-01,1,0,35,0.0,1
2013-03-02,1,0,32,0.0,1
2013-03-03,0,0,21,0.00,3
2013-03-04,1,0,23,0.0,2
2013-03-05,1,0,32,2.03,3
2013-03-06,1,0,35,0.0,3
2013-03-07,1,0,16,0.0,1
2013-03-08,0,0,19,0.00,5
2013-03-09,0,1,29,0.51,1
2013-03-10,0,1,39,25.40,7
2013-03-11,1,1,35,1.52,12
2013-03-12,1,0,39,0.0,27
2013-03-13,1,0,42,0.0,17
2013-03-14,1,0,23,0.0,24
2013-03-15,0,1,26,4.06,4
2013-03-16,1,0,34,0.0,4
2013-03-17,0,0,35,0.00,11
2013-03-18,1,1,48,0.51,15
2013-03-19,1,0,48,0.0,17
2013-03-20,1,0,35,0.0,9
2013-03-21,0,0,26,0.00,9
2013-03-22,0,0,19,0.00,5
2013-03-23,0,0,27,0.00,1
2013-03-24,1,0,48,0.0,11
2013-03-25,1,0,47,0.0,18
2013-03-26,0,0,26,0.0,14
2013-03-27,0,0,21,0.00,15
2013-03-28,0,0,24,0.00,17
2013-03-29,0,0,23,0.00,10
2013-03-30,0,0,34,0.0,5
2013-03-31,0,1,45,0.0,32
2013-04-01,0,0,32,0.00,23
2013-04-02,0,0,34,0.00,35
2013-04-03,0,0,23,0.00,27
2013-04-04,0,0,26,0.00,44
2013-04-05,0,0,34,0.00,15
2013-04-06,0,1,53,2.03,15
2013-04-07,0,0,39,0.00,54
2013-04-08,0,1,53,10.41,30
2013-04-09,0,1,34,4.57,23
2013-04-10,0,1,52,29.21,21
2013-04-11,0,1,48,3.30,22
2013-04-12,0,1,40,0.51,7
2013-04-13,1,0,37,0.25,16
2013-04-14,0,1,45,0.0,57
2013-04-15,0,1,48,8.13,42
2013-04-16,0,0,24,0.0,42
2013-04-17,0,1,45,47.50,7
2013-04-18,0,1,48,42.42,21
2013-04-19,1,0,53,0.0,13
2013-04-20,1,0,34,0.0,23
2013-04-21,0,0,34,0.00,73
2013-04-22,0,0,26,0.00,37
2013-04-23,0,1,29,13.21,40
2013-04-24,0,1,32,0.25,36
2013-04-25,0,1,39,0.25,37
2013-04-26,0,0,35,0.00,16
2013-04-27,0,0,26,0.0,13
2013-04-28,0,1,21,1.52,69
2013-04-29,0,0,32,0.00,80
2013-04-30,0,0,37,0.00,53
2013-05-01,0,0,32,0.00,56
2013-05-02,0,0,45,0.00,48
2013-05-03,0,1,35,0.51,35
2013-05-04,0,0,34,0.0,22
2013-05-05,0,0,32,0.00,101
2013-05-06,0,0,26,0.00,81
2013-05-07,0,0,21,0.00,73
2013-05-08,0,0,23,0.00,67
2013-05-09,0,1,32,16.00,61
2013-05-10,0,1,35,1.02,20
2013-05-11,0,0,48,0.00,12
2013-05-12,0,0,34,0.00,70
2013-05-13,0,0,32,0.00,87
2013-05-14,0,0,35,0.00,51
2013-05-15,0,0,37,0.0,77
2013-05-16,0,0,23,0.00,64
2013-05-17,0,0,26,0.0,33
2013-05-18,0,0,23,0.00,17
2013-05-19,0,0,32,0.00,109
2013-05-20,0,1,60,31.75,91
2013-05-21,0,1,37,5.08,46
2013-05-22,0,1,34,16.51,88
2013-05-23,0,1,53,3.05,80
2013-05-24,0,0,34,0.00,29
2013-05-25,0,0,19,0.00,16
2013-05-26,0,1,24,0.0,21
2013-05-27,0,1,24,4.83,111
2013-05-28,0,1,40,55.88,99
2013-05-29,0,1,26,0.51,82
2013-05-30,0,1,42,2.29,82
2013-05-31,0,1,34,5.84,35
2013-06-01,0,1,37,11.18,31
2013-06-02,0,1,32,0.25,117
2013-06-03,0,0,26,0.00,135
2013-06-04,0,0,27,0.00,102
2013-06-05,0,1,26,0.0,77
2013-06-06,0,1,26,1.52,75
2013-06-07,0,0,27,0.00,46
2013-06-08,0,0,23,0.00,29
2013-06-09,0,1,32,0.25,130
2013-06-10,0,1,16,21.59,123
2013-06-11,0,1,23,6.10,89
2013-06-12,0,1,39,6.35,97
2013-06-13,0,0,34,0.00,113
2013-06-14,0,0,26,0.00,28
2013-06-15,0,1,37,3.05,28
2013-06-16,0,0,35,0.00,131
2013-06-17,0,1,40,2.54,105
2013-06-18,0,1,34,0.25,103
2013-06-19,0,0,23,0.00,99
2013-06-20,0,0,26,0.00,72
2013-06-21,0,1,48,2.79,34
2013-06-22,0,0,27,0.00,28
2013-06-23,0,1,39,0.0,159
2013-06-24,0,1,76,3.56,450
2013-06-25,0,1,34,0.0,276
2013-06-26,0,1,35,4.83,286
2013-06-27,0,1,27,14.99,354
2013-06-28,0,1,52,4.06,169
2013-06-29,0,1,35,0.0,94
2013-06-30,0,0,42,0.00,388
2013-07-01,0,0,42,0.00,363
2013-07-02,0,1,29,0.0,231
2013-07-03,0,1,19,1.78,53
2013-07-04,0,0,27,0.00,171
2013-07-05,0,0,23,0.00,91
2013-07-06,0,0,19,0.00,37
2013-07-07,0,0,24,0.00,277
2013-07-08,0,1,35,21.34,293
2013-07-09,0,1,40,0.25,300
2013-07-10,0,0,27,0.00,270
2013-07-11,0,0,27,0.00,245
2013-07-12,0,0,23,0.00,67
2013-07-13,0,0,26,0.00,58
2013-07-14,0,0,26,0.00,262
2013-07-15,0,1,26,0.51,243
2013-07-16,0,0,23,0.25,309
2013-07-17,0,0,27,0.00,174
2013-07-18,0,0,35,0.00,159
2013-07-19,0,0,48,0.00,97
2013-07-20,0,1,24,0.25,52
2013-07-21,0,0,37,0.00,234
2013-07-22,0,0,45,0.0,380
2013-07-23,0,1,37,0.00,292
2013-07-24,0,0,32,0.00,380
2013-07-25,0,0,21,0.00,216
2013-07-26,0,1,32,0.25,58
2013-07-27,0,0,32,0.00,49
2013-07-28,0,1,32,0.0,299
2013-07-29,0,0,23,0.00,209
2013-07-30,0,1,21,0.0,202
2013-07-31,0,1,34,4.57,157
2013-08-01,0,0,35,0.00,156
2013-08-02,0,1,29,10.41,41
2013-08-03,0,0,29,0.00,45
2013-08-04,0,1,26,0.0,187
2013-08-05,0,1,32,0.51,182
2013-08-06,0,0,27,0.00,186
2013-08-07,0,0,35,0.25,172
2013-08-08,0,0,32,0.00,156
2013-08-09,0,0,24,0.00,42
2013-08-10,0,0,26,0.00,32
2013-08-11,0,0,26,0.0,235
2013-08-12,0,1,39,16.76,220
2013-08-13,0,0,34,0.00,178
2013-08-14,0,0,24,0.00,191
2013-08-15,0,0,23,0.00,134
2013-08-16,0,0,26,0.00,36
2013-08-17,0,0,26,0.00,28
2013-08-18,0,0,21,0.00,173
2013-08-19,0,0,24,0.00,138
2013-08-20,0,0,26,0.00,159
2013-08-21,0,1,27,1.27,117
2013-08-22,0,1,39,9.14,123
2013-08-23,0,0,26,0.00,53
2013-08-24,0,0,21,0.00,29
2013-08-25,0,0,29,0.00,138
2013-08-26,0,0,32,0.00,124
2013-08-27,0,0,35,0.00,132
2013-08-28,0,0,32,0.00,131
2013-08-29,0,0,19,0.00,192
2013-08-30,0,1,71,11.94,561
2013-08-31,0,1,26,24.38,99
2013-09-01,0,1,24,0.51,121
2013-09-02,0,0,26,0.00,799
2013-09-03,0,0,19,0.00,339
2013-09-04,0,0,24,0.00,410
2013-09-05,0,0,32,0.00,280
2013-09-06,0,0,19,0.00,102
2013-09-07,0,0,29,0.00,78
2013-09-08,0,0,27,0.00,381
2013-09-09,0,0,27,0.00,231
2013-09-10,0,0,39,0.00,340
2013-09-11,0,0,26,0.0,302
2013-09-12,0,0,42,1.52,205
2013-09-13,0,0,35,0.0,58
2013-09-14,0,0,21,0.00,31
2013-09-15,0,1,21,6.10,210
2013-09-16,0,0,34,0.0,164
2013-09-17,0,0,23,0.0,172
2013-09-18,0,1,40,12.95,223
2013-09-19,0,1,34,0.0,204
2013-09-20,0,1,32,0.51,50
2013-09-21,0,0,27,0.00,33
2013-09-22,0,0,24,0.00,170
2013-09-23,0,0,24,0.00,192
2013-09-24,0,0,24,0.00,145
2013-09-25,0,0,23,0.00,157
2013-09-26,0,0,19,0.00,88
2013-09-27,0,0,26,0.00,31
2013-09-28,0,0,45,0.51,18
2013-09-29,0,1,34,5.59,142
2013-09-30,0,0,21,0.00,136
2013-10-01,0,0,35,0.00,113
2013-10-02,0,0,19,0.00,137
2013-10-03,0,1,35,20.32,93
2013-10-04,0,0,23,0.00,26
2013-10-05,0,1,27,17.27,20
2013-10-06,0,1,35,1.52,137
2013-10-07,0,0,27,0.00,124
2013-10-08,0,0,19,0.00,133
2013-10-09,0,0,21,0.00,110
2013-10-10,0,0,19,0.00,74
2013-10-11,0,0,26,0.00,18
2013-10-12,0,0,27,0.25,15
2013-10-13,0,0,23,0.00,68
2013-10-14,0,0,29,0.00,106
2013-10-15,0,1,32,2.29,92
2013-10-16,0,0,29,0.0,59
2013-10-17,0,1,32,4.32,55
2013-10-18,0,0,27,0.00,21
2013-10-19,0,1,37,0.25,17
2013-10-20,0,1,45,0.51,75
2013-10-21,0,1,37,0.76,76
2013-10-22,0,1,24,0.76,65
2013-10-23,0,1,29,0.0,44
2013-10-24,0,0,32,0.00,30
2013-10-25,0,0,35,0.00,21
2013-10-26,0,0,42,0.00,17
2013-10-27,0,0,27,0.00,85
2013-10-28,0,0,29,0.00,67
2013-10-29,0,1,19,0.0,76
2013-10-30,0,1,24,29.46,36
2013-10-31,0,1,45,51.56,30
2013-11-01,0,1,45,2.03,13
2013-11-02,0,1,27,0.51,15
2013-11-03,0,0,24,0.00,52
2013-11-04,0,0,37,0.00,46
2013-11-05,0,1,35,0.51,34
2013-11-06,0,1,42,23.37,28
2013-11-07,0,0,29,0.00,29
2013-11-08,0,0,35,0.00,23
2013-11-09,0,0,47,0.00,14
2013-11-10,0,0,35,0.00,35
2013-11-11,1,1,35,2.54,60
2013-11-12,0,0,29,0.00,40
2013-11-13,0,0,37,0.00,35
2013-11-14,0,0,39,0.00,62
2013-11-15,0,0,27,0.00,9
2013-11-16,0,1,45,7.62,17
2013-11-17,0,1,69,19.56,91
2013-11-18,0,0,45,0.00,86
2013-11-19,0,0,21,0.00,52
2013-11-20,0,1,32,4.06,44
2013-11-21,0,1,21,1.27,43
2013-11-22,0,1,34,0.76,10
2013-11-23,0,0,39,0.00,9
2013-11-24,0,0,24,0.00,72
2013-11-25,1,0,35,0.00,48
2013-11-26,1,0,40,0.0,18
2013-11-27,0,0,35,0.00,3
2013-11-28,0,0,32,0.00,28
2013-11-29,0,0,19,0.00,5
2013-11-30,0,0,26,0.00,3
2013-12-01,0,0,21,0.00,51
2013-12-02,0,1,23,2.29,35
2013-12-03,0,1,23,0.0,42
2013-12-04,0,1,40,0.0,28
2013-12-05,0,0,40,0.00,46
2013-12-06,0,0,23,0.00,2
2013-12-07,0,0,23,0.00,4
2013-12-08,1,0,32,2.54,25
2013-12-09,1,0,45,0.0,16
2013-12-10,1,0,42,0.0,10
2013-12-11,1,0,27,0.25,9
2013-12-12,0,0,37,0.00,3
2013-12-13,1,0,19,1.02,1
2013-12-14,1,0,26,2.54,1
2013-12-15,1,0,37,0.0,8
2013-12-16,1,0,23,0.25,4
2013-12-17,1,0,34,0.0,12
2013-12-18,0,0,34,0.00,9
2013-12-19,0,1,21,1.27,7
2013-12-20,0,1,23,3.30,1
2013-12-21,0,1,45,6.60,2
2013-12-22,1,1,34,1.27,10
2013-12-23,1,0,35,0.0,13
2013-12-24,1,0,26,0.0,1
2013-12-25,1,0,29,0.51,23
2013-12-26,1,0,32,0.0,8
2013-12-27,0,0,34,0.00,2
2013-12-28,0,0,29,0.00,1
2013-12-29,1,0,39,0.0,9
2013-12-30,1,0,24,0.0,4
2013-12-31,1,0,26,2.03,4
2014-01-01,1,0,34,0.51,1
2014-01-02,1,0,37,0.25,1
2014-01-03,0,0,40,0.00,1
2014-01-04,1,0,40,2.03,5
2014-01-05,1,0,48,0.51,1
2014-01-06,0,0,47,0.00,2
2014-01-07,0,0,29,0.00,1
2014-01-08,0,0,11,0.00,3
2014-01-09,1,0,21,0.0,2
2014-01-10,1,1,32,21.84,1
2014-01-11,0,1,35,1.78,7
2014-01-12,0,0,39,0.00,6
2014-01-13,0,0,37,0.00,9
2014-01-14,1,0,52,0.0,11
2014-01-15,1,0,29,0.0,9
2014-01-16,1,0,42,0.0,2
2014-01-17,1,0,27,0.0,1
2014-01-18,1,0,23,1.02,4
2014-01-19,0,0,42,0.00,7
2014-01-20,1,0,39,0.0,10
2014-01-21,1,0,42,0.00,3
2014-01-22,1,0,40,0.0,9
2014-01-23,0,0,35,0.00,1
2014-01-24,1,0,52,0.0,1
2014-01-25,1,0,53,0.25,1
2014-01-26,1,0,52,2.54,3
2014-01-27,1,0,42,0.00,3
2014-01-28,0,0,29,0.00,4
2014-01-29,0,0,34,0.00,11
2014-01-30,1,0,52,0.0,1
2014-01-31,1,0,21,0.51,1
2014-02-01,1,0,23,5.08,4
2014-02-02,0,0,24,0.00,1
2014-02-03,0,0,16,0.00,3
2014-02-04,1,0,35,0.51,4
2014-02-05,1,0,40,0.51,2
2014-02-06,1,0,32,0.0,1
2014-02-07,0,0,34,0.00,1
2014-02-08,1,0,16,1.78,1
2014-02-09,1,0,26,0.0,1
2014-02-10,0,0,24,0.00,1
2014-02-11,0,0,16,0.00,2
2014-02-12,0,0,19,0.00,3
2014-02-13,1,0,29,0.0,1
2014-02-14,1,0,29,0.0,1
2014-02-15,1,0,23,0.25,1
2014-02-16,1,0,27,0.0,2
2014-02-17,1,0,35,9.65,6
2014-02-18,0,0,39,0.00,5
2014-02-19,0,0,24,0.00,12
2014-02-20,0,1,71,19.56,6
2014-02-21,1,0,63,0.0,4
2014-02-22,0,0,27,0.00,11
2014-02-23,0,0,34,0.00,9
2014-02-24,0,0,34,0.00,7
2014-02-25,1,0,27,0.0,8
2014-02-26,0,0,45,0.00,5
2014-02-27,1,0,47,0.0,2
2014-02-28,0,0,29,0.00,1
2014-03-01,1,0,27,0.76,1
2014-03-02,1,0,27,0.25,11
2014-03-03,1,0,26,0.0,1
2014-03-04,1,0,19,0.0,6
2014-03-05,1,0,27,0.25,9
2014-03-06,0,0,19,0.00,2
2014-03-07,0,0,26,0.0,3
2014-03-08,1,0,35,0.25,16
2014-03-09,0,0,35,0.00,29
2014-03-10,0,0,34,0.00,56
2014-03-11,1,1,42,9.40,40
2014-03-12,1,0,48,3.30,38
2014-03-13,0,0,29,0.00,21
2014-03-14,0,0,47,0.00,6
2014-03-15,1,0,39,0.0,44
2014-03-16,1,0,48,0.0,66
2014-03-17,0,0,23,0.00,30
2014-03-18,0,0,37,0.00,58
2014-03-19,0,1,39,9.91,34
2014-03-20,1,0,32,0.0,13
2014-03-21,1,1,40,0.0,22
2014-03-22,0,0,39,0.0,49
2014-03-23,1,0,29,0.0,55
2014-03-24,0,0,23,0.00,60
2014-03-25,1,0,37,0.0,43
2014-03-26,0,0,35,0.00,34
2014-03-27,0,1,47,3.05,11
2014-03-28,0,1,50,1.02,18
2014-03-29,0,0,32,0.00,85
2014-03-30,0,0,27,0.00,87
2014-03-31,0,1,47,0.76,54
2014-04-01,0,0,52,0.00,24
2014-04-02,0,1,29,0.0,50
2014-04-03,0,1,42,27.43,15
2014-04-04,0,1,48,0.25,17
2014-04-05,0,0,26,0.00,65
2014-04-06,0,0,23,0.00,76
2014-04-07,0,0,32,0.00,64
2014-04-08,0,1,26,0.51,54
2014-04-09,0,0,34,0.00,64
2014-04-10,0,0,39,0.00,19
2014-04-11,0,0,32,0.00,26
2014-04-12,0,0,50,0.00,64
2014-04-13,0,1,47,11.43,45
2014-04-14,1,1,48,4.06,73
2014-04-15,1,0,29,0.0,58
2014-04-16,0,0,40,0.00,51
2014-04-17,0,0,32,0.00,27
2014-04-18,0,0,27,0.00,19
2014-04-19,0,0,26,0.00,87
2014-04-20,0,0,26,0.00,101
2014-04-21,0,1,39,12.95,87
2014-04-22,0,0,39,0.00,66
2014-04-23,0,1,27,0.51,78
2014-04-24,0,1,42,0.25,26
2014-04-25,0,1,40,6.10,22
2014-04-26,0,1,37,0.25,74
2014-04-27,0,1,47,0.76,74
2014-04-28,0,1,50,12.19,55
2014-04-29,0,1,42,2.79,39
2014-04-30,0,1,34,3.05,41
2014-05-01,0,1,40,2.29,19
2014-05-02,0,1,27,1.02,16
2014-05-03,0,0,42,0.00,69
2014-05-04,0,0,27,0.00,81
2014-05-05,0,1,35,0.25,100
2014-05-06,0,0,35,0.00,63
2014-05-07,0,1,32,0.0,63
2014-05-08,0,0,53,0.00,22
2014-05-09,0,1,45,36.32,13
2014-05-10,0,0,27,0.00,103
2014-05-11,0,1,45,10.41,126
2014-05-12,0,1,45,0.76,77
2014-05-13,0,1,34,3.56,82
2014-05-14,0,1,35,1.52,28
2014-05-15,0,1,45,6.60,22
2014-05-16,0,1,27,2.03,32
2014-05-17,0,0,26,0.00,74
2014-05-18,0,0,27,0.00,84
2014-05-19,0,1,42,0.0,83
2014-05-20,0,1,47,16.26,71
2014-05-21,0,0,34,0.25,71
2014-05-22,0,0,27,0.00,24
2014-05-23,0,0,26,0.00,24
2014-05-24,0,0,21,0.00,23
2014-05-25,0,0,26,0.00,90
2014-05-26,0,1,29,2.03,79
2014-05-27,0,1,37,12.70,69
2014-05-28,0,1,32,17.27,63
2014-05-29,0,0,29,0.00,41
2014-05-30,0,0,24,0.00,36
2014-05-31,0,0,26,0.00,117
2014-06-01,0,0,42,0.0,115
2014-06-02,0,1,60,5.08,71
2014-06-03,0,0,35,0.00,117
2014-06-04,0,1,34,3.05,58
2014-06-05,0,0,24,0.00,16
2014-06-06,0,0,24,0.00,39
2014-06-07,0,1,26,3.05,168
2014-06-08,0,1,39,5.33,79
2014-06-09,0,0,26,0.00,82
2014-06-10,0,1,35,11.43,81
2014-06-11,0,1,24,5.08,72
2014-06-12,0,1,35,0.25,25
2014-06-13,0,0,32,0.00,29
2014-06-14,0,0,27,0.00,111
2014-06-15,0,0,47,0.0,124
2014-06-16,0,0,29,0.00,115
2014-06-17,0,0,47,0.00,79
2014-06-18,0,1,50,20.32,54
2014-06-19,0,1,26,9.91,43
2014-06-20,0,1,26,0.76,42
2014-06-21,0,1,47,18.54,119
2014-06-22,0,0,19,0.00,95
2014-06-23,0,1,21,4.06,120
2014-06-24,0,1,47,29.21,104
2014-06-25,0,1,26,0.51,90
2014-06-26,0,0,19,0.00,36
2014-06-27,0,0,27,0.00,31
2014-06-28,0,1,45,4.06,131
2014-06-29,0,1,45,1.02,335
2014-06-30,0,1,69,52.32,234
2014-07-01,0,1,47,1.02,179
2014-07-02,0,1,29,3.05,35
2014-07-03,0,1,26,1.27,44
2014-07-04,0,0,24,0.00,63
2014-07-05,0,1,29,0.25,190
2014-07-06,0,0,37,0.00,268
2014-07-07,0,1,45,12.19,302
2014-07-08,0,1,45,12.19,212
2014-07-09,0,0,27,0.00,191
2014-07-10,0,0,24,0.00,35
2014-07-11,0,0,23,0.0,55
2014-07-12,0,1,40,84.07,215
2014-07-13,0,1,27,1.02,188
2014-07-14,0,1,34,9.40,281
2014-07-15,0,1,39,1.27,184
2014-07-16,0,0,27,0.00,169
2014-07-17,0,0,24,0.00,35
2014-07-18,0,0,27,0.00,43
2014-07-19,0,0,23,0.00,225
2014-07-20,0,0,21,0.00,271
2014-07-21,0,0,23,0.00,169
2014-07-22,0,1,37,4.83,152
2014-07-23,0,1,40,0.00,113
2014-07-24,0,0,24,0.00,33
2014-07-25,0,0,32,0.0,32
2014-07-26,0,0,24,0.00,242
2014-07-27,0,0,48,1.02,152
2014-07-28,0,0,40,0.00,127
2014-07-29,0,0,35,0.00,115
2014-07-30,0,0,23,0.00,94
2014-07-31,0,0,29,0.00,31
2014-08-01,0,1,47,5.33,41
2014-08-02,0,0,16,0.00,142
2014-08-03,0,0,24,0.00,167
2014-08-04,0,1,34,45.47,197
2014-08-05,0,1,21,1.78,110
2014-08-06,0,0,21,0.00,93
2014-08-07,0,0,26,0.00,35
2014-08-08,0,0,32,0.00,39
2014-08-09,0,0,27,0.00,160
2014-08-10,0,0,23,0.00,108
2014-08-11,0,1,37,29.46,127
2014-08-12,0,1,37,4.06,121
2014-08-13,0,0,34,0.00,83
2014-08-14,0,0,26,0.00,30
2014-08-15,0,0,23,0.00,31
2014-08-16,0,0,24,0.00,118
2014-08-17,0,0,24,0.00,119
2014-08-18,0,0,24,0.00,96
2014-08-19,0,1,47,3.30,92
2014-08-20,0,0,34,0.00,82
2014-08-21,0,1,27,32.77,20
2014-08-22,0,1,26,80.52,35
2014-08-23,0,1,40,12.70,142
2014-08-24,0,0,21,0.00,162
2014-08-25,0,1,58,19.81,115
2014-08-26,0,1,50,0.00,158
2014-08-27,0,0,24,0.00,103
2014-08-28,0,1,24,0.51,29
2014-08-29,0,0,27,0.00,27
2014-08-30,0,0,40,0.0,30
2014-08-31,0,0,26,0.00,145
2014-09-01,0,0,35,0.0,130
2014-09-02,0,0,27,0.00,95
2014-09-03,0,0,26,0.00,89
2014-09-04,0,1,35,5.59,28
2014-09-05,0,1,48,10.92,44
2014-09-06,0,0,24,0.00,123
2014-09-07,0,0,21,0.00,106
2014-09-08,0,0,24,0.00,71
2014-09-09,0,1,26,0.25,90
2014-09-10,0,1,45,40.89,63
2014-09-11,0,0,26,0.00,21
2014-09-12,0,1,29,2.54,16
2014-09-13,0,0,27,0.25,100
2014-09-14,0,0,23,0.00,71
2014-09-15,0,1,26,0.0,77
2014-09-16,0,0,19,0.00,86
2014-09-17,0,0,21,0.00,80
2014-09-18,0,0,23,0.00,19
2014-09-19,0,0,32,0.00,34
2014-09-20,0,1,39,3.05,124
2014-09-21,0,1,40,0.0,92
2014-09-22,0,0,19,0.00,136
2014-09-23,0,0,21,0.00,69
2014-09-24,0,0,24,0.00,73
2014-09-25,0,0,19,0.00,25
2014-09-26,0,0,21,0.00,30
2014-09-27,0,0,16,0.00,94
2014-09-28,0,0,14,0.00,60
2014-09-29,0,1,29,0.0,62
2014-09-30,0,1,24,0.0,69
2014-10-01,0,0,24,0.0,85
2014-10-02,0,1,29,18.03,14
2014-10-03,0,1,39,26.67,18
2014-10-04,1,1,40,1.27,95
2014-10-05,0,1,34,0.0,62
2014-10-06,0,0,34,0.25,68
2014-10-07,0,0,37,0.00,66
2014-10-08,0,0,32,0.00,51
2014-10-09,0,0,16,0.00,22
2014-10-10,0,0,19,0.00,15
2014-10-11,0,0,21,0.00,36
2014-10-12,0,0,32,0.25,72
2014-10-13,0,1,34,11.18,58
2014-10-14,0,1,32,29.97,61
2014-10-15,0,1,24,1.78,44
2014-10-16,0,1,24,0.0,13
2014-10-17,0,0,40,0.25,11
2014-10-18,0,1,34,0.51,74
2014-10-19,0,0,29,0.00,62
2014-10-20,0,0,27,0.00,48
2014-10-21,0,0,34,0.00,45
2014-10-22,0,0,19,0.00,47
2014-10-23,0,0,21,0.0,17
2014-10-24,0,0,19,0.00,16
2014-10-25,0,0,37,0.00,88
2014-10-26,0,0,19,0.00,50
2014-10-27,0,1,40,0.51,75
2014-10-28,0,1,42,0.76,37
2014-10-29,0,0,32,0.00,48
2014-10-30,0,0,23,0.0,30
2014-10-31,1,1,64,1.02,40
2014-11-01,1,0,39,0.0,108
2014-11-02,0,0,32,0.00,74
2014-11-03,0,0,40,0.00,69
2014-11-04,0,1,37,0.51,67
2014-11-05,0,1,32,0.0,70
2014-11-06,0,0,47,0.0,24
2014-11-07,0,0,26,0.00,14
2014-11-08,0,0,39,0.0,79
2014-11-09,0,0,40,0.00,42
2014-11-10,0,0,42,0.00,44
2014-11-11,0,1,39,5.84,34
2014-11-12,1,0,32,0.0,25
2014-11-13,1,0,29,0.0,15
2014-11-14,1,0,23,0.0,10
2014-11-15,1,0,23,0.0,28
2014-11-16,1,0,29,0.0,32
2014-11-17,1,0,48,0.0,27
2014-11-18,1,0,42,0.0,32
2014-11-19,1,0,42,0.0,35
2014-11-20,0,0,40,0.00,17
2014-11-21,0,1,26,0.0,2
2014-11-22,0,1,34,1.27,26
2014-11-23,0,1,27,15.75,14
2014-11-24,1,1,52,8.89,20
2014-11-25,1,0,35,0.0,2
2014-11-26,1,0,23,0.0,19
2014-11-27,1,0,32,0.0,5
2014-11-28,1,0,29,0.0,6
2014-11-29,0,0,37,0.00,29
2014-11-30,0,0,35,0.0,22
2014-12-01,1,0,32,0.0,29
2014-12-02,1,0,34,0.0,37
2014-12-03,0,0,27,0.00,26
2014-12-04,0,0,23,0.00,7
2014-12-05,0,0,21,0.00,4
2014-12-06,0,0,39,0.00,29
2014-12-07,0,0,23,0.00,21
2014-12-08,0,1,24,2.54,17
2014-12-09,1,1,32,0.51,25
2014-12-10,1,0,23,0.0,27
2014-12-11,0,0,23,0.00,10
2014-12-12,1,0,26,0.0,6
2014-12-13,0,0,29,0.00,23
2014-12-14,0,1,26,0.0,10
2014-12-15,0,1,27,3.05,15
2014-12-16,1,1,37,0.51,14
2014-12-17,1,0,29,0.0,15
2014-12-18,1,0,16,0.0,8
2014-12-19,1,0,19,0.0,2
2014-12-20,1,0,16,0.0,17
2014-12-21,0,0,26,0.00,20
2014-12-22,0,1,29,7.11,7
2014-12-23,0,1,34,3.05,1
2014-12-24,0,1,29,3.05,6
2014-12-25,0,0,34,0.00,3
2014-12-26,0,0,27,0.00,4
2014-12-27,0,1,47,0.0,23
2014-12-28,0,0,27,0.00,9
2014-12-29,0,0,24,0.00,10
2014-12-30,0,0,26,0.00,8
2014-12-31,0,0,39,0.00,1
2015-01-01,0,0,39,0.00,11
2015-01-02,0,0,16,0.00,10
2015-01-03,1,1,19,13.97,7
2015-01-04,1,1,39,2.54,8
2015-01-05,1,0,27,2.79,2
2015-01-06,1,0,40,0.0,4
2015-01-07,0,0,42,0.00,4
2015-01-08,1,0,47,1.27,3
2015-01-09,1,0,48,0.0,6
2015-01-10,0,0,39,0.00,8
2015-01-11,1,0,26,3.05,6
2015-01-12,1,0,39,0.76,9
2015-01-13,1,0,32,0.0,6
2015-01-14,0,0,23,0.00,6
2015-01-15,0,0,34,0.00,2
2015-01-16,0,0,23,0.00,7
2015-01-17,0,0,40,0.00,14
2015-01-18,0,0,34,0.00,11
2015-01-19,1,1,19,0.0,10
2015-01-20,0,0,23,0.25,9
2015-01-21,1,0,23,0.0,8
2015-01-22,0,0,24,0.00,4
2015-01-23,0,0,27,0.00,9
2015-01-24,0,0,27,0.00,5
2015-01-25,1,1,42,1.52,7
2015-01-26,1,0,26,1.02,6
2015-01-27,1,0,23,0.0,10
2015-01-28,0,1,34,0.76,4
2015-01-29,1,0,39,0.0,1
2015-01-30,1,0,37,0.0,1
2015-01-31,1,1,27,3.30,1
2015-02-01,1,0,48,3.05,1
2015-02-02,1,0,40,0.0,1
2015-02-03,1,0,24,1.27,1
2015-02-04,1,0,29,0.0,1
2015-02-05,0,0,29,0.00,1
2015-02-06,0,0,24,0.00,3
2015-02-07,0,0,24,0.00,4
2015-02-08,0,1,35,0.0,6
2015-02-09,1,0,37,0.0,4
2015-02-10,1,0,29,0.0,2
2015-02-11,1,0,39,0.0,2
2015-02-12,1,0,45,0.0,2
2015-02-13,1,0,32,0.0,5
2015-02-14,1,0,60,0.0,10
2015-02-15,1,0,29,0.0,6
2015-02-16,0,0,16,0.00,2
2015-02-17,1,0,34,0.0,3
2015-02-18,1,0,39,0.0,2
2015-02-19,0,0,34,0.00,2
2015-02-20,1,0,35,0.0,4
2015-02-21,0,0,19,0.00,8
2015-02-22,0,0,32,0.00,4
2015-02-23,0,0,29,0.00,2
2015-02-24,1,0,42,0.0,1
2015-02-25,1,0,26,1.52,1
2015-02-26,1,0,37,0.25,1
2015-02-27,0,0,23,0.00,1
2015-02-28,1,0,23,0.0,9
2015-03-01,1,0,27,0.25,7
2015-03-02,0,0,23,0.00,5
2015-03-03,1,1,37,2.54,4
2015-03-04,0,0,35,0.00,4
2015-03-05,0,0,26,0.00,3
2015-03-06,0,0,39,0.00,11
2015-03-07,0,0,34,0.00,16
2015-03-08,1,0,24,0.0,15
2015-03-09,0,0,23,0.00,26
2015-03-10,0,0,21,0.00,21
2015-03-11,0,0,26,0.00,15
2015-03-12,0,0,32,0.00,9
2015-03-13,0,0,21,0.00,52
2015-03-14,0,0,37,0.00,44
2015-03-15,0,0,35,0.00,37
2015-03-16,0,0,47,0.00,34
2015-03-17,0,0,52,0.00,21
2015-03-18,0,0,24,0.00,16
2015-03-19,0,0,29,0.00,13
2015-03-20,0,0,26,0.00,21
2015-03-21,0,0,32,0.00,20
2015-03-22,1,0,29,0.0,13
2015-03-23,1,0,32,3.81,26
2015-03-24,0,1,29,1.02,20
2015-03-25,0,1,37,3.30,17
2015-03-26,1,0,29,0.0,8
2015-03-27,1,0,34,0.25,37
2015-03-28,0,0,21,0.00,34
2015-03-29,0,1,47,1.02,49
2015-03-30,0,0,37,0.00,38
2015-03-31,0,0,37,0.00,18
2015-04-01,0,0,35,0.00,12
2015-04-02,0,1,32,6.86,8
2015-04-03,0,0,32,0.0,41
2015-04-04,0,0,45,0.00,25
2015-04-05,0,0,35,0.00,33
2015-04-06,0,1,32,1.78,29
2015-04-07,0,1,29,1.02,51
2015-04-08,0,1,32,2.03,30
2015-04-09,0,1,58,24.13,24
2015-04-10,0,0,58,0.0,70
2015-04-11,0,0,26,0.00,75
2015-04-12,0,0,32,0.00,79
2015-04-13,0,1,39,3.56,50
2015-04-14,0,0,19,0.00,50
2015-04-15,0,0,35,0.00,27
2015-04-16,0,1,23,8.64,24
2015-04-17,0,0,21,0.00,90
2015-04-18,0,0,39,0.00,75
2015-04-19,0,1,29,10.67,68
2015-04-20,0,1,47,0.0,37
2015-04-21,0,0,58,0.00,57
2015-04-22,0,0,35,0.0,12
2015-04-23,0,0,32,0.00,18
2015-04-24,0,1,35,7.37,85
2015-04-25,0,1,40,8.64,71
2015-04-26,0,0,39,0.00,67
2015-04-27,0,0,37,0.00,55
2015-04-28,0,0,26,0.00,35
2015-04-29,0,1,27,0.0,31
2015-04-30,0,0,39,0.00,25
2015-05-01,0,0,19,0.00,77
2015-05-02,0,0,26,0.00,62
2015-05-03,0,1,39,5.08,74
2015-05-04,0,1,32,0.0,61
2015-05-05,0,1,27,20.07,67
2015-05-06,0,0,23,0.00,33
2015-05-07,0,0,40,0.00,18
2015-05-08,0,1,40,7.11,44
2015-05-09,0,1,34,9.65,52
2015-05-10,0,1,23,4.06,63
2015-05-11,0,1,45,3.56,67
2015-05-12,0,1,45,0.0,29
2015-05-13,0,0,27,0.00,13
2015-05-14,0,1,32,3.30,20
2015-05-15,0,1,27,0.76,78
2015-05-16,0,1,26,0.0,65
2015-05-17,0,0,42,0.0,52
2015-05-18,0,0,40,0.00,60
2015-05-19,0,0,27,0.00,61
2015-05-20,0,1,29,0.51,19
2015-05-21,0,1,29,0.0,15
2015-05-22,0,0,27,0.00,24
2015-05-23,0,0,24,0.00,90
2015-05-24,0,1,29,11.18,66
2015-05-25,0,1,45,1.52,90
2015-05-26,0,1,50,10.67,43
2015-05-27,0,1,39,1.52,23
2015-05-28,0,0,26,0.00,25
2015-05-29,0,1,29,4.57,74
2015-05-30,0,1,45,20.07,91
2015-05-31,0,1,35,1.27,74
2015-06-01,0,0,29,0.00,74
2015-06-02,0,0,24,0.00,60
2015-06-03,0,0,23,0.00,36
2015-06-04,0,0,23,0.00,24
2015-06-05,0,0,42,0.00,75
2015-06-06,0,0,26,0.00,96
2015-06-07,0,1,37,11.18,75
2015-06-08,0,1,47,2.54,76
2015-06-09,0,0,27,0.00,45
2015-06-10,0,1,40,2.29,29
2015-06-11,0,1,26,5.08,17
2015-06-12,0,1,32,4.32,68
2015-06-13,0,1,39,4.83,91
2015-06-14,0,1,29,24.89,82
2015-06-15,0,1,39,6.10,64
2015-06-16,0,1,24,0.0,74
2015-06-17,0,1,14,8.38,21
2015-06-18,0,1,40,12.19,26
2015-06-19,0,0,26,0.00,128
2015-06-20,0,1,39,5.59,122
2015-06-21,0,1,26,0.0,150
2015-06-22,0,1,50,1.02,72
2015-06-23,0,0,35,0.00,74
2015-06-24,0,0,24,0.00,54
2015-06-25,0,1,24,4.06,44
2015-06-26,0,1,27,17.78,107
2015-06-27,0,1,32,0.0,101
2015-06-28,0,1,29,0.0,98
2015-06-29,0,1,19,0.76,90
2015-06-30,0,0,32,0.00,47
2015-07-01,0,0,26,0.00,10
2015-07-02,0,0,27,0.00,23
2015-07-03,0,0,21,0.00,123
2015-07-04,0,0,19,0.00,94
2015-07-05,0,0,23,0.00,90
2015-07-06,0,1,37,14.22,82
2015-07-07,0,1,42,6.35,85
2015-07-08,0,1,21,0.0,39
2015-07-09,0,1,24,1.02,33
2015-07-10,0,0,23,0.00,120
2015-07-11,0,1,21,0.76,110
2015-07-12,0,1,21,1.52,107
2015-07-13,0,1,48,16.76,72
2015-07-14,0,0,39,0.00,74
2015-07-15,0,0,27,0.00,39
2015-07-16,0,1,29,13.21,50
2015-07-17,0,1,29,0.76,173
2015-07-18,0,1,47,0.76,121
2015-07-19,0,0,35,0.00,91
2015-07-20,0,0,26,0.00,90
2015-07-21,0,0,24,0.00,108
2015-07-22,0,0,21,0.00,41
2015-07-23,0,0,23,0.00,21
2015-07-24,0,0,34,0.00,107
2015-07-25,0,0,32,0.00,99
2015-07-26,0,1,19,0.0,99
2015-07-27,0,0,27,0.00,85
2015-07-28,0,0,26,0.00,73
2015-07-29,0,1,35,1.78,25
2015-07-30,0,0,27,0.00,107
2015-07-31,0,0,45,0.0,561
2015-08-01,0,0,32,0.00,266
2015-08-02,0,1,58,26.92,202
2015-08-03,0,0,32,0.00,169
2015-08-04,0,0,32,0.00,109
2015-08-05,0,0,26,0.00,39
2015-08-06,0,0,26,0.00,44
2015-08-07,0,0,24,0.00,165
2015-08-08,0,0,21,0.00,151
2015-08-09,0,1,23,0.0,156
2015-08-10,0,1,34,6.35,104
2015-08-11,0,0,32,0.00,101
2015-08-12,0,0,24,0.00,28
2015-08-13,0,0,32,0.00,19
2015-08-14,0,1,52,4.32,143
2015-08-15,0,1,40,4.32,115
2015-08-16,0,0,29,0.00,158
2015-08-17,0,1,42,10.41,113
2015-08-18,0,1,53,23.88,116
2015-08-19,0,1,39,0.0,39
2015-08-20,0,0,40,0.00,23
2015-08-21,0,0,27,0.00,126
2015-08-22,0,0,34,0.00,142
2015-08-23,0,1,39,2.29,91
2015-08-24,0,0,47,0.00,105
2015-08-25,0,0,29,0.00,74
2015-08-26,0,0,16,0.00,22
2015-08-27,0,0,23,0.00,29
2015-08-28,0,0,16,0.0,121
2015-08-29,0,1,21,9.40,125
2015-08-30,0,0,14,0.00,85
2015-08-31,0,0,19,0.00,77
2015-09-01,0,0,32,0.00,71
2015-09-02,0,0,27,0.00,14
2015-09-03,0,0,34,0.0,13
2015-09-04,0,0,26,0.00,32
2015-09-05,0,0,26,0.51,103
2015-09-06,0,0,29,0.00,78
2015-09-07,0,0,23,0.0,79
2015-09-08,0,1,40,23.11,53
2015-09-09,0,0,23,0.00,24
2015-09-10,0,1,40,5.08,20
2015-09-11,0,1,35,5.84,102
2015-09-12,0,1,34,4.06,85
2015-09-13,0,0,23,0.00,94
2015-09-14,0,0,35,0.00,82
2015-09-15,0,0,32,0.00,50
2015-09-16,0,0,34,0.00,38
2015-09-17,0,1,34,6.60,22
2015-09-18,0,1,34,80.01,101
2015-09-19,0,1,37,1.02,78
2015-09-20,0,0,19,0.00,76
2015-09-21,0,0,21,0.00,103
2015-09-22,0,0,21,0.00,55
2015-09-23,0,0,24,0.00,35
2015-09-24,0,0,21,0.00,28
2015-09-25,0,0,27,0.00,83
2015-09-26,0,0,26,0.00,58
2015-09-27,0,1,21,0.0,74
2015-09-28,0,0,23,0.00,83
2015-09-29,0,0,39,0.0,50
2015-09-30,0,0,40,0.00,28
2015-10-01,0,0,52,0.00,11
2015-10-02,0,0,45,0.00,104
2015-10-03,0,1,42,1.02,70
